categorie,kw,volume,tld,hl,importance,url,status,tendance,pos,20 mai 2021,?,8 déc 2020,23 nov 20,29 sept 2020,22 sept 2020,12 Sept,1 Sept,Aou 23,Aou 7,Jul 28,Jul 9,Jul 5 2020,Juine 27 2020,Juine 18 2020,May 31 2020,May 9 2020,Apr 22 2020,Mar 3 2020,Feb 23 2020
activité,escape game vercors,0,fr,fr,9,https://piedvert.com/escape-game,.,=,,1,1,1,1,1,1,1,1,1,1,1,1,1,1,1,1,1,1,1,1
activité,activité nature vercors,0,fr,fr,5,https://piedvert.com/activite-nature,.,-,,3,2,2,2,1,2,2,2,3,3,6,6,6,6,13,10,9,14,31,25
activité,activité vercors,140,fr,fr,8,https://piedvert.com/activite-nature,...,-,,16,13,12,12,14,13,15,14,13,15,13,16,16,16,29,34,33,29,22,31
activité,activité villard de lans,260,fr,fr,8,https://piedvert.com/activite-nature,...,-,,18,15,18,23,20,20,21,21,22,14,15,17,21,21,28,29,25,29,23,26
activité,box nature,140,fr,fr,5,,....,x,,-1,56,-1,93,-1,-1,-1,-1,-1,-1,-1,-1,-1,-1,77,-1,74,59,54,54
activité,escape game extérieur,390,fr,fr,5,https://piedvert.com/escape-game,...,-,,21,15,15,15,2,16,4,4,6,5,9,5,5,5,6,15,27,23,26,31
activité,orientation montagne,10,fr,fr,5,https://piedvert.com/orientation-montagne,...,+,,11,12,14,18,14,19,13,12,11,13,12,11,10,10,8,10,10,18,23,20
activité,course d’orientation Vercors,0,fr,fr,8,https://piedvert.com/orientation-montagne,..,+,,9,10,9,9,12,10,10,10,10,10,12,13,11,11,11,11,14,13,22,
activité,escape game foret,260,fr,fr,1,https://piedvert.com/escape-game,....,x,,-1,59,64,60,41,61,58,38,23,26,22,19,13,13,4,11,21,22,4,5
activité,escape game nature,170,fr,fr,1,https://piedvert.com/escape-game,...,-,,16,4,12,12,2,9,3,3,4,4,4,2,3,3,3,17,48,20,20,16
activité ,orientation villard-de-lans,0,fr,fr,3,https://piedvert.com/orientation-montagne,..,+,,10,13,16,15,13,11,-1,-1,8,7,7,9,5,5,9,10,11,10,14,
activité – neige,escape game raquette,0,fr,fr,9,https://piedvert.com/escape-game-raquette,.,=,,1,1,1,1,1,1,1,1,1,1,1,1,2,2,1,1,1,1,2,2
activité – neige,activité neige vercors,0,fr,fr,8,https://piedvert.com/activite-neige,..,=,,10,10,9,6,10,10,10,10,10,10,10,9,8,8,9,10,10,10,10,12
activité – neige,bivouac vercors hiver,0,fr,fr,3,https://piedvert.com/bivouac-vercors,..,=,,10,10,9,7,7,10,7,9,6,7,7,7,6,6,9,9,17,14,19,
activité – neige,bivouac vercors neige,0,fr,fr,3,https://piedvert.com/activite-neige,..,+,,8,10,8,9,18,18,16,12,11,10,10,10,9,9,12,11,13,12,8,
activité – neige,construire un igloo,140,fr,fr,3,https://piedvert.com/igloo,...,-,,21,12,14,15,16,18,18,17,28,27,29,26,44,44,27,30,27,29,20,
activité – neige,dormir dans un igloo,260,fr,fr,3,https://piedvert.com/igloo,....,x,,-1,31,36,32,36,39,37,34,37,35,22,23,48,48,24,25,23,29,25,
activité – neige,nuit en igloo,210,fr,fr,3,https://piedvert.com/igloo,....,x,,-1,43,36,41,38,75,39,73,85,76,78,68,53,53,87,93,86,-1,99,
activité – neige,nuit igloo vercors,0,fr,fr,3,https://piedvert.com/igloo,..,-,,5,4,4,4,4,4,4,5,5,5,5,5,5,5,5,5,5,5,5,
entreprise,Team building montagne,40,fr,fr,5,https://piedvert.com/team-building,...,-,,26,25,21,41,22,26,24,32,29,28,21,20,18,35,35,40,74,-1,,
entreprise,séminaire vercors,10,fr,fr,5,https://piedvert.com/team-building,...,-,,21,20,21,21,21,26,27,26,26,23,27,26,31,26,29,37,49,-1,,
entreprise,seminaire grenoble,90,fr,fr,5,,....,x,,-1,75,85,85,91,84,85,91,-1,-1,92,-1,-1,-1,-1,-1,-1,-1,,
entreprise,incentive grenoble,0,fr,fr,5,,....,x,,-1,-1,-1,-1,-1,-1,-1,-1,-1,-1,-1,-1,-1,-1,-1,-1,-1,-1,,
entreprise,lieu séminaire grenoble,0,fr,fr,5,,....,x,,-1,-1,-1,-1,-1,-1,-1,-1,-1,-1,-1,-1,-1,-1,-1,-1,-1,-1,,
évènement – evg,enterrement de vie de garçon grenoble,10,fr,fr,5,https://piedvert.com/evjf-nature,...,=,,20,20,20,21,20,20,29,39,35,38,41,41,46,39,44,64,67,80,,
évènement – evg,evjf grenoble,90,fr,fr,5,https://piedvert.com/evjf-nature,..,+,,6,19,16,23,18,14,16,14,13,13,14,26,28,19,21,40,43,-1,,
évènement – evg,evjf nature,30,fr,fr,5,https://piedvert.com/evjf-nature,.,=,,1,1,6,6,7,9,10,10,9,9,8,8,8,8,6,12,15,13,,
évènement – evg,evjf vercors,0,fr,fr,5,https://piedvert.com/evjf-nature,.,=,,2,2,2,2,2,4,4,4,4,4,4,4,4,4,4,5,9,10,,
faune,loup vercors,170,fr,fr,10,https://piedvert.com/loup-vercors,.,=,,1,1,1,1,1,1,1,1,1,1,2,3,4,4,4,3,3,6,7,9
faune,chamois vercors,0,fr,fr,5,https://piedvert.com/chamois,.,=,,1,1,1,1,1,1,1,2,1,2,1,4,4,4,7,7,9,10,12,12
faune,brame du cerf,8100,fr,fr,5,,....,x,,-1,29,81,94,72,33,31,81,-1,-1,-1,-1,-1,-1,-1,-1,-1,-1,,
faune,cerf vercors,0,fr,fr,5,https://piedvert.com/brame-cerf,.,=,,1,1,1,1,1,1,2,3,5,9,10,10,10,17,17,17,34,-1,,
faune,bouquetin vercors,0,fr,fr,5,https://piedvert.com/bouquetin,.,+,,1,2,2,2,3,3,3,2,3,4,4,3,-1,5,5,5,15,,,
faune,marmotte vercors,0,fr,fr,5,https://piedvert.com/marmotte,.,=,,1,1,1,1,1,1,1,2,2,7,11,13,10,13,13,11,64,,,
métier,accompagnateur en montagne,170,fr,fr,5,https://piedvert.com/accompagnateur-montagne,...,-,,17,15,12,13,11,15,9,10,11,11,11,13,13,13,16,19,20,19,79,92
métier,guide de randonnée,170,fr,fr,5,,....,x,,-1,65,64,59,-1,83,-1,-1,-1,-1,-1,-1,-1,-1,-1,-1,-1,-1,-1,-1
métier,moyenne montagne,210,fr,fr,5,https://piedvert.com/moyenne-montagne,.,=,,2,2,2,2,2,2,2,2,2,2,2,2,2,3,3,4,8,9,60,44
métier,diplome accompagnateur montagne,10,fr,fr,3,https://piedvert.com/accompagnateur-montagne,...,-,,15,12,12,16,16,15,16,16,17,16,15,17,17,16,16,16,-1,-1,-1,-1
métier + territoire,accompagnateur vercors,20,fr,fr,8,https://piedvert.com/,.,-,,3,2,2,3,4,3,3,3,3,3,3,3,3,3,3,4,5,5,5,4
métier + territoire,animateur nature vercors,0,fr,fr,5,https://piedvert.com/,.,+,,2,6,1,1,2,2,2,3,2,2,2,2,2,2,2,2,2,2,4,5
métier + territoire,guide vercors,10,fr,fr,5,https://piedvert.com/,...,+,,15,17,18,21,23,21,20,14,12,13,18,15,13,13,-1,13,16,18,22,30
rando,rando ane vercors,110,fr,fr,10,https://piedvert.com/rando-ane,....,x,,-1,21,30,26,30,32,28,28,28,31,27,26,25,27,28,26,29,28,25,33
rando,rando vercors,2800,fr,fr,5,https://piedvert.com/rando-vercors,...,-,,20,10,15,16,11,15,13,13,13,14,15,14,15,17,18,18,21,20,20,23
rando,sommet vercors,110,fr,fr,5,https://piedvert.com/sommet-vercors,.,-,,3,1,1,1,1,1,1,1,1,1,1,1,1,1,1,1,1,1,2,2
rando,balade facile dans le vercors,90,fr,fr,5,https://piedvert.com/rando-vercors,..,+,,9,10,9,7,18,19,16,15,16,14,13,13,13,12,12,12,14,13,12,15
rando,rando facile vercors,10,fr,fr,5,https://piedvert.com/rando-vercors,...,-,,11,10,11,10,14,16,15,13,15,16,12,13,15,11,12,13,14,14,12,17
rando,rando découverte vercors,0,fr,fr,3,https://piedvert.com/rando-vercors,..,-,,5,1,5,5,5,5,5,5,5,5,5,6,6,6,4,5,7,6,7,7
rando,rando famille vercors,0,fr,fr,8,https://piedvert.com/rando-vercors,.,,,3,,,,,,,,,,,,,,,,,,,
rando – bivouac,bivouac vercors,140,fr,fr,10,https://piedvert.com/bivouac-vercors,..,-,,4,3,4,3,4,4,4,4,4,4,4,8,6,10,10,13,13,15,47,26
rando – bivouac,bivouac en montagne,110,fr,fr,3,https://piedvert.com/bivouac-vercors,....,x,,-1,69,40,41,67,69,63,65,71,76,56,52,35,32,57,72,66,68,-1,
rando – bivouac,matériel bivouac montagne,0,fr,fr,3,https://piedvert.com/bivouac-vercors,...,+,,16,24,15,16,-1,-1,-1,-1,102,-1,92,,,,,,,,,
rando – raquette,raquette autrans,70,fr,fr,8,https://piedvert.com/rando-raquette,..,+,,8,10,11,10,11,11,11,11,12,12,11,11,11,11,11,12,12,12,14,13
rando – raquette,raquette vercors,210,fr,fr,8,https://piedvert.com/rando-raquette,....,x,,-1,28,37,39,41,36,33,38,37,36,36,36,35,34,36,38,34,21,25,28
rando – raquette,raquette villard de lans,140,fr,fr,8,https://piedvert.com/rando-raquette,..,+,,10,12,16,12,13,13,13,13,13,13,13,13,14,14,15,14,14,15,14,18
rando – raquette,location raquette vercors,,fr,fr,5,,.,=,,2,2,5,70,53,65,64,62,,,,,,,,,,,,
rando – raquette,location raquette villard de lans,20,fr,fr,5,,..,-,,6,4,8,26,26,25,23,21,,,,,,,,,,,,
rando – trek,gr 91 vercors,110,fr,fr,5,https://piedvert.com/trek-vercors,...,+,,22,-1,22,23,27,24,23,88,26,26,39,36,35,41,50,51,43,-1,-1,
rando – trek,grande traversée du vercors,170,fr,fr,5,https://piedvert.com/trek-vercors,....,x,,-1,37,26,23,22,21,22,23,23,34,55,58,56,-1,54,51,53,-1,-1,
rando – trek,randonnée vercors 2 jours,110,fr,fr,5,https://piedvert.com/bivouac-vercors,..,+,,10,17,18,23,39,30,29,28,30,24,22,25,29,26,54,45,43,53,63,
rando – trek,randonnée vercors 3 jours,90,fr,fr,5,https://piedvert.com/hauts-plateaux-vercors,...,+,,12,24,67,83,89,75,68,92,83,69,81,74,68,66,64,70,66,81,86,
rando – trek,trek vercors,50,fr,fr,5,https://piedvert.com/trek-vercors,...,-,,14,7,9,8,12,15,13,13,13,13,17,12,15,12,17,20,25,31,48,
rando – trek,week end randonnée,390,fr,fr,5,,....,x,,-1,20,-1,-1,-1,-1,-1,-1,-1,-1,-1,-1,-1,-1,-1,-1,-1,-1,-1,
rando – vercors,hauts plateaux du vercors,110,fr,fr,5,https://piedvert.com/hauts-plateaux-vercors,...,-,,24,13,13,13,9,15,11,12,13,16,15,45,-1,-1,51,-1,-1,,,
rando – vercors,réserve naturelle des hauts plateaux du vercors,70,fr,fr,5,https://piedvert.com/hauts-plateaux-vercors,...,-,,22,10,8,8,8,9,9,10,11,10,10,-1,25,-1,33,29,-1,,,
rando – vercors,plateau de la molière,170,fr,fr,5,https://piedvert.com/moliere,..,-,,10,2,10,8,8,8,8,8,10,17,17,14,14,-1,-1,-1,-1,,,
rando – vercors,coucher de soleil grenoble,260,fr,fr,5,https://piedvert.com/coucher-de-soleil-grenoble,..,-,,7,6,6,6,6,7,7,7,7,7,8,11,14,11,-1,-1,-1,,,
rando – vercors,grand veymont,1900,fr,fr,5,,...,-,,13,8,10,9,15,18,30,-1,-1,-1,-1,,,,,,,,,
rando – vercors,randonnée grand veymont,110,fr,fr,5,,..,+,,9,11,12,13,13,15,41,-1,,,,,,,,,,,,
rando – vercors,lac vercors,320,fr,fr,5,,.,+,,3,5,5,7,12,23,18,-1,,,,,,,,,,,,
scolaire,Classe découverte vercors,0,fr,fr,8,https://piedvert.com/classe-decouvertes,...,+,,11,14,11,11,9,8,8,11,11,8,11,9,11,13,13,19,17,15,22,26
scolaire,faune vercors,90,fr,fr,8,https://piedvert.com/sortie-nature,.,=,,2,2,2,2,2,2,2,2,2,3,2,5,5,8,9,8,6,10,12,18
scolaire,voyage scolaire vercors,0,fr,fr,8,https://piedvert.com/voyage-scolaire,..,+,,4,9,5,5,5,5,5,7,10,17,8,14,16,9,9,9,8,13,8,11
scolaire,espace naturel sensible isère,0,fr,fr,6,https://piedvert.com/ens-isere,..,+,,10,11,11,11,11,11,10,11,11,11,14,12,12,8,11,17,17,18,15,21
scolaire,animaux alpes,90,fr,fr,5,https://piedvert.com/animaux-montagne,..,=,,5,5,5,4,6,11,10,10,10,10,11,13,15,13,12,13,13,14,11,
scolaire,animaux montagne,480,fr,fr,5,https://piedvert.com/animaux-montagne,...,-,,14,10,10,12,14,18,15,14,20,20,19,19,17,17,20,20,20,21,13,41
scolaire,animaux vercors,10,fr,fr,5,https://piedvert.com/sortie-nature,.,+,,1,2,2,2,2,3,2,1,4,4,5,8,8,8,9,9,8,75,7,9
scolaire,Centre Loisirs Montagne,0,fr,fr,5,https://piedvert.com/loisirs-nature,....,x,,-1,36,35,45,59,77,73,71,42,36,32,32,39,40,36,38,41,38,42,49
scolaire,éducation à l’environnement,140,fr,fr,5,,....,x,,-1,-1,-1,-1,-1,-1,-1,-1,-1,-1,-1,-1,-1,-1,-1,-1,-1,-1,-1,-1
scolaire,éducation environnement vercors,0,fr,fr,5,https://piedvert.com/education-environnement,.,+,,2,3,2,3,1,2,2,3,3,4,5,4,3,5,5,4,6,6,6,4
scolaire,land art vercors,0,fr,fr,5,https://piedvert.com/land-art,..,-,,9,7,7,5,4,3,3,4,3,3,2,2,2,2,2,2,2,2,1,1
scolaire,sortie maternelle vercors,0,fr,fr,5,https://piedvert.com/sortie-scolaire,.,=,,1,1,1,1,1,2,2,2,2,2,2,2,2,2,2,2,2,2,3,14
scolaire,sortie primaire vercors,0,fr,fr,5,https://piedvert.com/sortie-scolaire,.,=,,1,1,1,1,1,1,1,1,1,1,2,2,2,2,2,2,2,2,2,10
scolaire,sortie scolaire vercors,0,fr,fr,5,https://piedvert.com/sortie-scolaire,.,+,,1,2,2,2,2,2,2,3,5,5,9,9,8,9,9,8,9,8,7,9
scolaire,projet pédagogique montagne,0,fr,fr,1,https://piedvert.com/projet-educatif,.,-,,2,1,1,2,2,2,2,2,2,2,1,2,4,4,4,4,6,7,24,26
territoire,automne vercors,0,fr,fr,5,https://piedvert.com/automne-vercors,.,=,,1,1,2,1,2,2,3,3,3,3,3,3,3,3,3,3,3,3,3,4
territoire,blog vercors,0,fr,fr,5,https://piedvert.com/blog,..,=,,5,5,6,6,7,6,6,7,8,8,6,4,5,5,5,5,5,5,8,8
territoire,hiver vercors,0,fr,fr,5,https://piedvert.com/hiver-vercors,..,-,,6,5,12,10,11,11,11,10,11,10,7,11,11,11,11,12,19,12,9,13
territoire,hotel vercors,720,fr,fr,5,https://piedvert.com/hotel-vercors,....,x,,-1,29,33,37,39,54,38,42,47,45,45,40,43,44,42,40,40,40,34,39
territoire,le clariant,170,fr,fr,5,https://piedvert.com/escape-clariant,...,-,,14,10,10,10,9,8,9,9,8,8,10,10,10,9,13,17,17,16,39,-1
territoire,refuge vercors,110,fr,fr,5,https://piedvert.com/refuge-vercors,..,-,,9,5,8,5,6,6,8,9,8,8,8,6,8,9,9,9,9,7,7,7
territoire,séjour vercors,110,fr,fr,5,https://piedvert.com/sejour-vercors,....,x,,-1,26,27,23,39,38,29,27,28,29,25,23,17,19,19,18,21,19,28,30
territoire,transport commun vercors,0,fr,fr,3,https://piedvert.com/mobilite-douce,..,=,,5,5,5,5,5,5,5,5,5,5,5,7,7,7,7,8,10,8,7,8
territoire,camping vercors,3600,fr,fr,3,,....,x,,-1,-1,60,60,-1,-1,-1,-1,-1,,,,,,,,,,,
territoire,avis vercors,0,fr,fr,1,https://piedvert.com/avis,..,-,,10,5,8,7,4,4,4,5,5,8,6,8,8,7,8,9,13,14,10,11
,,,,,,,,,,,,,,,,,,,,,,,,,,,,,
